{
  "FilterHeaders": [
    {
      "Header": "x-requested-with",
      "IncludeInScript": true
    },
    {
      "Header": "user-agent",
      "IncludeInScript": false
    },
    {
      "Header": "origin",
      "IncludeInScript": true
    },
    {
      "Header": "cache-control",
      "IncludeInScript": false
    },
    {
      "Header": "accept-language",
      "IncludeInScript": false
    },
    {
      "Header": "accept-encoding",
      "IncludeInScript": false
    },
    {
      "Header": "accept",
      "IncludeInScript": false
    }
  ],
  "FilterResources": [
    {
      "IsNonResource": true,
      "type": "text/html"
    },
    {
      "IsNonResource": false,
      "type": "text/css"
    },
    {
      "IsNonResource": false,
      "type": "image/png"
    },
    {
      "IsNonResource": false,
      "type": "application/vnd.ms-fontobject"
    },
    {
      "IsNonResource": false,
      "type": "application/octet-stream"
    },
    {
      "IsNonResource": true,
      "type": "application/json"
    },
    {
      "IsNonResource": false,
      "type": "application/javascript"
    }
  ],
  "GeneralInfo": {
    "BrowserVersion": "",
    "IsWinInetMode": false,
    "MaxUsedConnections": 6,
    "RecordedBrowser": "Internet Explorer",
    "RecordingDate": "ноя-28-2019",
    "RecordingDuration": 22719,
    "RecordingMode": "N/A",
    "RecordingTimeStamp": 1574945163,
    "RecordingType": "Browser",
    "TotalBytesReceived": 1928150,
    "TotalBytesSent": 17608,
    "TotalRequests": 43,
    "UserAgent": "Mozilla/5.0 (Windows NT 10.0; WOW64; Trident/7.0; rv:11.0) like Gecko"
  },
  "HostInfo": [
    {
      "DomainName": "pflb.ru",
      "Domains": [
        {
          "HTTPVersion": "HTTP/1.1",
          "IP": "94.159.69.182",
          "IncludeInScript": true,
          "Name": "learning2.pflb.ru",
          "Port": 56902,
          "Requests": [
            {
              "CompressionType": "",
              "DataType": "application/json",
              "DownloadTime": 16,
              "EventId": 589,
              "HttpStatus": 200,
              "Size": 92,
              "URL": "http://learning2.pflb.ru:56902/api/checkLogin"
            },
            {
              "CompressionType": "",
              "DataType": "application/javascript",
              "DownloadTime": 15,
              "EventId": 583,
              "HttpStatus": 200,
              "Size": 43891,
              "URL": "http://learning2.pflb.ru:56902/js/core/jqueryformplugin.js?_=1574945442424"
            },
            {
              "CompressionType": "",
              "DataType": "application/javascript",
              "DownloadTime": 32,
              "EventId": 577,
              "HttpStatus": 200,
              "Size": 26591,
              "URL": "http://learning2.pflb.ru:56902/js/core/materialTable.js"
            },
            {
              "CompressionType": "",
              "DataType": "application/javascript",
              "DownloadTime": 16,
              "EventId": 575,
              "HttpStatus": 200,
              "Size": 9274,
              "URL": "http://learning2.pflb.ru:56902/js/index.js"
            },
            {
              "CompressionType": "",
              "DataType": "application/javascript",
              "DownloadTime": 31,
              "EventId": 571,
              "HttpStatus": 200,
              "Size": 8369,
              "URL": "http://learning2.pflb.ru:56902/js/core/polyphills.js"
            },
            {
              "CompressionType": "",
              "DataType": "application/javascript",
              "DownloadTime": 0,
              "EventId": 568,
              "HttpStatus": 200,
              "Size": 2015,
              "URL": "http://learning2.pflb.ru:56902/js/core/helpers.js"
            },
            {
              "CompressionType": "",
              "DataType": "application/javascript",
              "DownloadTime": 47,
              "EventId": 563,
              "HttpStatus": 200,
              "Size": 2295,
              "URL": "http://learning2.pflb.ru:56902/js/core/custom-helpers.js"
            },
            {
              "CompressionType": "",
              "DataType": "application/javascript",
              "DownloadTime": 31,
              "EventId": 561,
              "HttpStatus": 200,
              "Size": 15055,
              "URL": "http://learning2.pflb.ru:56902/js/core/materialize-select.js"
            },
            {
              "CompressionType": "",
              "DataType": "application/javascript",
              "DownloadTime": 15,
              "EventId": 558,
              "HttpStatus": 200,
              "Size": 11281,
              "URL": "http://learning2.pflb.ru:56902/js/core/materialize-pagination.js"
            },
            {
              "CompressionType": "",
              "DataType": "application/javascript",
              "DownloadTime": 32,
              "EventId": 555,
              "HttpStatus": 200,
              "Size": 12540,
              "URL": "http://learning2.pflb.ru:56902/js/core/dust-helpers.js"
            },
            {
              "CompressionType": "",
              "DataType": "application/javascript",
              "DownloadTime": 16,
              "EventId": 553,
              "HttpStatus": 200,
              "Size": 160001,
              "URL": "http://learning2.pflb.ru:56902/js/core/materialize.min.js"
            },
            {
              "CompressionType": "",
              "DataType": "application/javascript",
              "DownloadTime": 31,
              "EventId": 547,
              "HttpStatus": 200,
              "Size": 75005,
              "URL": "http://learning2.pflb.ru:56902/js/core/select2.full.min.js"
            },
            {
              "CompressionType": "",
              "DataType": "application/javascript",
              "DownloadTime": 0,
              "EventId": 543,
              "HttpStatus": 200,
              "Size": 3406,
              "URL": "http://learning2.pflb.ru:56902/js/core/readmore.min.js"
            },
            {
              "CompressionType": "",
              "DataType": "application/javascript",
              "DownloadTime": 32,
              "EventId": 541,
              "HttpStatus": 200,
              "Size": 4313,
              "URL": "http://learning2.pflb.ru:56902/js/core/jquery.maskedinput.js"
            },
            {
              "CompressionType": "",
              "DataType": "application/javascript",
              "DownloadTime": 0,
              "EventId": 537,
              "HttpStatus": 200,
              "Size": 1326,
              "URL": "http://learning2.pflb.ru:56902/js/core/jquery.ee.router.js"
            },
            {
              "CompressionType": "",
              "DataType": "application/javascript",
              "DownloadTime": 16,
              "EventId": 535,
              "HttpStatus": 200,
              "Size": 35688,
              "URL": "http://learning2.pflb.ru:56902/js/core/jquery.uploadfile.js"
            },
            {
              "CompressionType": "",
              "DataType": "text/css",
              "DownloadTime": 0,
              "EventId": 529,
              "HttpStatus": 200,
              "Size": 3622,
              "URL": "http://learning2.pflb.ru:56902/css/company_2.css"
            },
            {
              "CompressionType": "",
              "DataType": "application/javascript",
              "DownloadTime": 16,
              "EventId": 527,
              "HttpStatus": 200,
              "Size": 9342,
              "URL": "http://learning2.pflb.ru:56902/js/core/clamp.js"
            },
            {
              "CompressionType": "",
              "DataType": "text/css",
              "DownloadTime": 31,
              "EventId": 523,
              "HttpStatus": 200,
              "Size": 1657,
              "URL": "http://learning2.pflb.ru:56902/css/core/uploadfile.css"
            },
            {
              "CompressionType": "",
              "DataType": "text/css",
              "DownloadTime": 47,
              "EventId": 521,
              "HttpStatus": 200,
              "Size": 23302,
              "URL": "http://learning2.pflb.ru:56902/css/core/quill.snow.css"
            },
            {
              "CompressionType": "",
              "DataType": "text/css",
              "DownloadTime": 32,
              "EventId": 517,
              "HttpStatus": 200,
              "Size": 15196,
              "URL": "http://learning2.pflb.ru:56902/css/core/select2.min.css"
            },
            {
              "CompressionType": "",
              "DataType": "text/css",
              "DownloadTime": 16,
              "EventId": 515,
              "HttpStatus": 200,
              "Size": 136870,
              "URL": "http://learning2.pflb.ru:56902/css/core/materialize.min.css"
            },
            {
              "CompressionType": "",
              "DataType": "text/css",
              "DownloadTime": 16,
              "EventId": 513,
              "HttpStatus": 200,
              "Size": 848,
              "URL": "http://learning2.pflb.ru:56902/css/core/ee-file-upload.css"
            },
            {
              "CompressionType": "",
              "DataType": "text/html",
              "DownloadTime": 0,
              "EventId": 511,
              "HttpStatus": 200,
              "Size": 1909,
              "URL": "http://learning2.pflb.ru:56902/"
            },
            {
              "CompressionType": "",
              "DataType": "",
              "DownloadTime": 172,
              "EventId": 509,
              "HttpStatus": 200,
              "Size": 146,
              "URL": "http://learning2.pflb.ru:56902/api/login"
            },
            {
              "CompressionType": "",
              "DataType": "image/png",
              "DownloadTime": 31,
              "EventId": 495,
              "HttpStatus": 200,
              "Size": 187417,
              "URL": "http://learning2.pflb.ru:56902/images/logo_2.png"
            },
            {
              "CompressionType": "",
              "DataType": "application/octet-stream",
              "DownloadTime": 16,
              "EventId": 492,
              "HttpStatus": 200,
              "Size": 1590,
              "URL": "http://learning2.pflb.ru:56902/tpl/login/login.dust"
            },
            {
              "CompressionType": "",
              "DataType": "application/octet-stream",
              "DownloadTime": 47,
              "EventId": 489,
              "HttpStatus": 200,
              "Size": 16219,
              "URL": "http://learning2.pflb.ru:56902/favicon.ico"
            },
            {
              "CompressionType": "",
              "DataType": "application/vnd.ms-fontobject",
              "DownloadTime": 31,
              "EventId": 480,
              "HttpStatus": 200,
              "Size": 20966,
              "URL": "http://learning2.pflb.ru:56902/css/fonts/roboto/Roboto-Bold.eot?"
            },
            {
              "CompressionType": "",
              "DataType": "application/vnd.ms-fontobject",
              "DownloadTime": 31,
              "EventId": 477,
              "HttpStatus": 200,
              "Size": 21320,
              "URL": "http://learning2.pflb.ru:56902/css/fonts/roboto/Roboto-Regular.eot?"
            },
            {
              "CompressionType": "",
              "DataType": "application/vnd.ms-fontobject",
              "DownloadTime": 31,
              "EventId": 475,
              "HttpStatus": 200,
              "Size": 20940,
              "URL": "http://learning2.pflb.ru:56902/css/fonts/roboto/Roboto-Light.eot?"
            },
            {
              "CompressionType": "",
              "DataType": "application/vnd.ms-fontobject",
              "DownloadTime": 16,
              "EventId": 473,
              "HttpStatus": 200,
              "Size": 21364,
              "URL": "http://learning2.pflb.ru:56902/css/fonts/roboto/Roboto-Medium.eot?"
            },
            {
              "CompressionType": "",
              "DataType": "application/vnd.ms-fontobject",
              "DownloadTime": 31,
              "EventId": 469,
              "HttpStatus": 200,
              "Size": 21659,
              "URL": "http://learning2.pflb.ru:56902/css/fonts/roboto/Roboto-Thin.eot?"
            },
            {
              "CompressionType": "",
              "DataType": "application/javascript",
              "DownloadTime": 16,
              "EventId": 434,
              "HttpStatus": 200,
              "Size": 3989,
              "URL": "http://learning2.pflb.ru:56902/js/page/authorisation.js"
            },
            {
              "CompressionType": "",
              "DataType": "application/javascript",
              "DownloadTime": 47,
              "EventId": 418,
              "HttpStatus": 200,
              "Size": 346444,
              "URL": "http://learning2.pflb.ru:56902/js/core/materialize.js"
            },
            {
              "CompressionType": "",
              "DataType": "application/javascript",
              "DownloadTime": 47,
              "EventId": 414,
              "HttpStatus": 200,
              "Size": 3121,
              "URL": "http://learning2.pflb.ru:56902/js/core/jquery.cookie.js"
            },
            {
              "CompressionType": "",
              "DataType": "text/css",
              "DownloadTime": 125,
              "EventId": 411,
              "HttpStatus": 200,
              "Size": 177560,
              "URL": "http://learning2.pflb.ru:56902/css/core/materialize.css"
            },
            {
              "CompressionType": "",
              "DataType": "application/javascript",
              "DownloadTime": 78,
              "EventId": 405,
              "HttpStatus": 200,
              "Size": 267194,
              "URL": "http://learning2.pflb.ru:56902/js/core/jquery-3.1.1.js"
            },
            {
              "CompressionType": "",
              "DataType": "text/css",
              "DownloadTime": 93,
              "EventId": 402,
              "HttpStatus": 200,
              "Size": 1201,
              "URL": "http://learning2.pflb.ru:56902/css/core/material_icons.css"
            },
            {
              "CompressionType": "",
              "DataType": "application/javascript",
              "DownloadTime": 63,
              "EventId": 400,
              "HttpStatus": 200,
              "Size": 162626,
              "URL": "http://learning2.pflb.ru:56902/js/core/dust.js"
            },
            {
              "CompressionType": "",
              "DataType": "text/css",
              "DownloadTime": 63,
              "EventId": 398,
              "HttpStatus": 200,
              "Size": 49195,
              "URL": "http://learning2.pflb.ru:56902/css/style.css"
            },
            {
              "CompressionType": "",
              "DataType": "application/javascript",
              "DownloadTime": 63,
              "EventId": 396,
              "HttpStatus": 200,
              "Size": 438,
              "URL": "http://learning2.pflb.ru:56902/js/core/legacy.js"
            },
            {
              "CompressionType": "",
              "DataType": "text/html",
              "DownloadTime": 235,
              "EventId": 394,
              "HttpStatus": 200,
              "Size": 873,
              "URL": "http://learning2.pflb.ru:56902/login"
            }
          ],
          "SSLCipher": "None",
          "SSLVersion": "None"
        }
      ],
      "IncludeInScript": true
    }
  ],
  "WebSocket": {
    "IncludeInScript": false,
    "IsScriptIncludeWebSocket": false
  },
  "NumberOfCorrelations": 0
}